Date,Country Code,Population
1/1/2000,ABW,90858
1/1/2001,ABW,92894
1/1/2002,ABW,94995
1/1/2003,ABW,97015
1/1/2004,ABW,98742
1/1/2005,ABW,100031
1/1/2006,ABW,100830
1/1/2007,ABW,101219
1/1/2008,ABW,101344
1/1/2009,ABW,101418
1/1/2010,ABW,101597
1/1/2011,ABW,101932
1/1/2012,ABW,102384
1/1/2000,AND,65399
1/1/2001,AND,68000
1/1/2002,AND,71639
1/1/2003,AND,75643
1/1/2004,AND,79060
1/1/2005,AND,81223
1/1/2006,AND,81877
1/1/2007,AND,81292
1/1/2008,AND,79969
1/1/2009,AND,78659
1/1/2010,AND,77907
1/1/2011,AND,77865
1/1/2012,AND,78360
1/1/2000,AFG,20595360
1/1/2001,AFG,21347782
1/1/2002,AFG,22202806
1/1/2003,AFG,23116142
1/1/2004,AFG,24018682
1/1/2005,AFG,24860855
1/1/2006,AFG,25631282
1/1/2007,AFG,26349243
1/1/2008,AFG,27032197
1/1/2009,AFG,27708187
1/1/2010,AFG,28397812
1/1/2011,AFG,29105480
1/1/2012,AFG,29824536
1/1/2000,AGO,13924930
1/1/2001,AGO,14385283
1/1/2002,AGO,14886574
1/1/2003,AGO,15421075
1/1/2004,AGO,15976715
1/1/2005,AGO,16544376
1/1/2006,AGO,17122409
1/1/2007,AGO,17712824
1/1/2008,AGO,18314441
1/1/2009,AGO,18926650
1/1/2010,AGO,19549124
1/1/2011,AGO,20180490
1/1/2012,AGO,20820525
1/1/2000,ALB,3304948
1/1/2001,ALB,3286084
1/1/2002,ALB,3263596
1/1/2003,ALB,3239385
1/1/2004,ALB,3216197
1/1/2005,ALB,3196130
1/1/2006,ALB,3179573
1/1/2007,ALB,3166222
1/1/2008,ALB,3156608
1/1/2009,ALB,3151185
1/1/2010,ALB,3150143
1/1/2011,ALB,3153883
1/1/2012,ALB,3162083
1/1/2000,ARB,277561423
1/1/2001,ARB,283493089
1/1/2002,ARB,289680968
1/1/2003,ARB,296095945
1/1/2004,ARB,302824676
1/1/2005,ARB,309824383
1/1/2006,ARB,317125787
1/1/2007,ARB,324693498
1/1/2008,ARB,332424892
1/1/2009,ARB,340149038
1/1/2010,ARB,347737036
1/1/2011,ARB,355137048
1/1/2012,ARB,362466629
1/1/2000,ARE,3026352
1/1/2001,ARE,3132104
1/1/2002,ARE,3223969
1/1/2003,ARE,3369254
1/1/2004,ARE,3658658
1/1/2005,ARE,4148883
1/1/2006,ARE,4875639
1/1/2007,ARE,5797347
1/1/2008,ARE,6798635
1/1/2009,ARE,7718319
1/1/2010,ARE,8441537
1/1/2011,ARE,8925096
1/1/2012,ARE,9205651
1/1/2000,ARG,36903067
1/1/2001,ARG,37273361
1/1/2002,ARG,37627545
1/1/2003,ARG,37970411
1/1/2004,ARG,38308779
1/1/2005,ARG,38647854
1/1/2006,ARG,38988923
1/1/2007,ARG,39331357
1/1/2008,ARG,39676083
1/1/2009,ARG,40023641
1/1/2010,ARG,40374224
1/1/2011,ARG,40728738
1/1/2012,ARG,41086927
1/1/2000,ARM,3076098
1/1/2001,ARM,3059960
1/1/2002,ARM,3047002
1/1/2003,ARM,3036032
1/1/2004,ARM,3025652
1/1/2005,ARM,3014917
1/1/2006,ARM,3002911
1/1/2007,ARM,2989882
1/1/2008,ARM,2977488
1/1/2009,ARM,2968154
1/1/2010,ARM,2963496
1/1/2011,ARM,2964120
1/1/2012,ARM,2969081
1/1/2000,ASM,57522
1/1/2001,ASM,58176
1/1/2002,ASM,58729
1/1/2003,ASM,59117
1/1/2004,ASM,59262
1/1/2005,ASM,59117
1/1/2006,ASM,58652
1/1/2007,ASM,57919
1/1/2008,ASM,57053
1/1/2009,ASM,56245
1/1/2010,ASM,55636
1/1/2011,ASM,55274
1/1/2012,ASM,55128
1/1/2000,ATG,77648
1/1/2001,ATG,78972
1/1/2002,ATG,80030
1/1/2003,ATG,80904
1/1/2004,ATG,81718
1/1/2005,ATG,82565
1/1/2006,ATG,83467
1/1/2007,ATG,84397
1/1/2008,ATG,85349
1/1/2009,ATG,86300
1/1/2010,ATG,87233
1/1/2011,ATG,88152
1/1/2012,ATG,89069
1/1/2000,AUS,19153000
1/1/2001,AUS,19413000
1/1/2002,AUS,19651400
1/1/2003,AUS,19895400
1/1/2004,AUS,20127400
1/1/2005,AUS,20394800
1/1/2006,AUS,20697900
1/1/2007,AUS,21015900
1/1/2008,AUS,21384400
1/1/2009,AUS,21778800
1/1/2010,AUS,22065300
1/1/2011,AUS,22323900
1/1/2012,AUS,22683600
1/1/2000,AUT,8011566
1/1/2001,AUT,8042293
1/1/2002,AUT,8081957
1/1/2003,AUT,8121423
1/1/2004,AUT,8171966
1/1/2005,AUT,8227829
1/1/2006,AUT,8268641
1/1/2007,AUT,8300788
1/1/2008,AUT,8336926
1/1/2009,AUT,8365275
1/1/2010,AUT,8389771
1/1/2011,AUT,8423635
1/1/2012,AUT,8462446
1/1/2000,AZE,8048600
1/1/2001,AZE,8111200
1/1/2002,AZE,8171950
1/1/2003,AZE,8234100
1/1/2004,AZE,8306500
1/1/2005,AZE,8391850
1/1/2006,AZE,8484550
1/1/2007,AZE,8581300
1/1/2008,AZE,8763400
1/1/2009,AZE,8947243
1/1/2010,AZE,9054332
1/1/2011,AZE,9173082
1/1/2012,AZE,9297507
1/1/2000,BDI,6674286
1/1/2001,BDI,6839376
1/1/2002,BDI,7037727
1/1/2003,BDI,7264340
1/1/2004,BDI,7510771
1/1/2005,BDI,7770392
1/1/2006,BDI,8042579
1/1/2007,BDI,8328312
1/1/2008,BDI,8624280
1/1/2009,BDI,8926687
1/1/2010,BDI,9232753
1/1/2011,BDI,9540362
1/1/2012,BDI,9849569
1/1/2000,BEL,10251250
1/1/2001,BEL,10286570
1/1/2002,BEL,10332785
1/1/2003,BEL,10376133
1/1/2004,BEL,10421137
1/1/2005,BEL,10478617
1/1/2006,BEL,10547958
1/1/2007,BEL,10625700
1/1/2008,BEL,10709973
1/1/2009,BEL,10796493
1/1/2010,BEL,10895586
1/1/2011,BEL,11047744
1/1/2012,BEL,11142157
1/1/2000,BEN,6949366
1/1/2001,BEN,7174911
1/1/2002,BEN,7414744
1/1/2003,BEN,7665681
1/1/2004,BEN,7922796
1/1/2005,BEN,8182362
1/1/2006,BEN,8443671
1/1/2007,BEN,8707490
1/1/2008,BEN,8973293
1/1/2009,BEN,9240783
1/1/2010,BEN,9509798
1/1/2011,BEN,9779795
1/1/2012,BEN,10050702
1/1/2000,BFA,11607944
1/1/2001,BFA,11946080
1/1/2002,BFA,12296399
1/1/2003,BFA,12659086
1/1/2004,BFA,13034258
1/1/2005,BFA,13421929
1/1/2006,BFA,13822257
1/1/2007,BFA,14235075
1/1/2008,BFA,14659646
1/1/2009,BFA,15094967
1/1/2010,BFA,15540284
1/1/2011,BFA,15995313
1/1/2012,BFA,16460141
1/1/2000,BGD,132383265
1/1/2001,BGD,134729503
1/1/2002,BGD,137006279
1/1/2003,BGD,139185986
1/1/2004,BGD,141235035
1/1/2005,BGD,143135180
1/1/2006,BGD,144868702
1/1/2007,BGD,146457067
1/1/2008,BGD,147969967
1/1/2009,BGD,149503100
1/1/2010,BGD,151125475
1/1/2011,BGD,152862431
1/1/2012,BGD,154695368
1/1/2000,BGR,8170172
1/1/2001,BGR,8020282
1/1/2002,BGR,7868468
1/1/2003,BGR,7823557
1/1/2004,BGR,7781161
1/1/2005,BGR,7739900
1/1/2006,BGR,7699020
1/1/2007,BGR,7659764
1/1/2008,BGR,7623395
1/1/2009,BGR,7585131
1/1/2010,BGR,7534289
1/1/2011,BGR,7348328
1/1/2012,BGR,7304632
1/1/2000,BHR,668239
1/1/2001,BHR,698749
1/1/2002,BHR,732541
1/1/2003,BHR,772058
1/1/2004,BHR,820505
1/1/2005,BHR,879534
1/1/2006,BHR,950951
1/1/2007,BHR,1032353
1/1/2008,BHR,1116038
1/1/2009,BHR,1191539
1/1/2010,BHR,1251513
1/1/2011,BHR,1292764
1/1/2012,BHR,1317827
1/1/2000,BHS,297759
1/1/2001,BHS,303005
1/1/2002,BHS,309039
1/1/2003,BHS,315624
1/1/2004,BHS,322400
1/1/2005,BHS,329088
1/1/2006,BHS,335622
1/1/2007,BHS,342049
1/1/2008,BHS,348340
1/1/2009,BHS,354492
1/1/2010,BHS,360498
1/1/2011,BHS,366331
1/1/2012,BHS,371960
1/1/2000,BIH,3834364
1/1/2001,BIH,3879353
1/1/2002,BIH,3897579
1/1/2003,BIH,3895779
1/1/2004,BIH,3886723
1/1/2005,BIH,3879828
1/1/2006,BIH,3875157
1/1/2007,BIH,3868665
1/1/2008,BIH,3861201
1/1/2009,BIH,3853446
1/1/2010,BIH,3845929
1/1/2011,BIH,3839322
1/1/2012,BIH,3833916
1/1/2000,BLR,10005000
1/1/2001,BLR,9928000
1/1/2002,BLR,9865000
1/1/2003,BLR,9797000
1/1/2004,BLR,9730000
1/1/2005,BLR,9663000
1/1/2006,BLR,9604000
1/1/2007,BLR,9560000
1/1/2008,BLR,9528000
1/1/2009,BLR,9507000
1/1/2010,BLR,9490000
1/1/2011,BLR,9473000
1/1/2012,BLR,9464000
1/1/2000,BLZ,238586
1/1/2001,BLZ,245198
1/1/2002,BLZ,251766
1/1/2003,BLZ,258346
1/1/2004,BLZ,265040
1/1/2005,BLZ,271920
1/1/2006,BLZ,278985
1/1/2007,BLZ,286196
1/1/2008,BLZ,293544
1/1/2009,BLZ,301016
1/1/2010,BLZ,308595
1/1/2011,BLZ,316280
1/1/2012,BLZ,324060
1/1/2000,BMU,61833
1/1/2001,BMU,62504
1/1/2002,BMU,62912
1/1/2003,BMU,63325
1/1/2004,BMU,63740
1/1/2005,BMU,64154
1/1/2006,BMU,64523
1/1/2007,BMU,64888
1/1/2008,BMU,65273
1/1/2009,BMU,65636
1/1/2010,BMU,65124
1/1/2011,BMU,64564
1/1/2012,BMU,64806
1/1/2000,BOL,8495271
1/1/2001,BOL,8669066
1/1/2002,BOL,8843350
1/1/2003,BOL,9016787
1/1/2004,BOL,9187610
1/1/2005,BOL,9354709
1/1/2006,BOL,9517395
1/1/2007,BOL,9676456
1/1/2008,BOL,9834098
1/1/2009,BOL,9993406
1/1/2010,BOL,10156601
1/1/2011,BOL,10324445
1/1/2012,BOL,10496285
1/1/2000,BRA,174504898
1/1/2001,BRA,176968205
1/1/2002,BRA,179393768
1/1/2003,BRA,181752951
1/1/2004,BRA,184010283
1/1/2005,BRA,186142403
1/1/2006,BRA,188134315
1/1/2007,BRA,189996976
1/1/2008,BRA,191765567
1/1/2009,BRA,193490922
1/1/2010,BRA,195210154
1/1/2011,BRA,196935134
1/1/2012,BRA,198656019
1/1/2000,BRB,267190
1/1/2001,BRB,268296
1/1/2002,BRB,269524
1/1/2003,BRB,270844
1/1/2004,BRB,272205
1/1/2005,BRB,273568
1/1/2006,BRB,274923
1/1/2007,BRB,276277
1/1/2008,BRB,277634
1/1/2009,BRB,279006
1/1/2010,BRB,280396
1/1/2011,BRB,281804
1/1/2012,BRB,283221
1/1/2000,BRN,331801
1/1/2001,BRN,339114
1/1/2002,BRN,346407
1/1/2003,BRN,353649
1/1/2004,BRN,360797
1/1/2005,BRN,367815
1/1/2006,BRN,374697
1/1/2007,BRN,381440
1/1/2008,BRN,388017
1/1/2009,BRN,394400
1/1/2010,BRN,400569
1/1/2011,BRN,406512
1/1/2012,BRN,412238
1/1/2000,BTN,564350
1/1/2001,BTN,580888
1/1/2002,BTN,598455
1/1/2003,BTN,616383
1/1/2004,BTN,633893
1/1/2005,BTN,650417
1/1/2006,BTN,665568
1/1/2007,BTN,679365
1/1/2008,BTN,692159
1/1/2009,BTN,704542
1/1/2010,BTN,716939
1/1/2011,BTN,729429
1/1/2012,BTN,741822
1/1/2000,BWA,1755375
1/1/2001,BWA,1783349
1/1/2002,BWA,1808976
1/1/2003,BWA,1832602
1/1/2004,BWA,1854739
1/1/2005,BWA,1875805
1/1/2006,BWA,1895944
1/1/2007,BWA,1915187
1/1/2008,BWA,1933719
1/1/2009,BWA,1951715
1/1/2010,BWA,1969341
1/1/2011,BWA,1986701
1/1/2012,BWA,2003910
1/1/2000,CAF,3638316
1/1/2001,CAF,3704045
1/1/2002,CAF,3767248
1/1/2003,CAF,3829636
1/1/2004,CAF,3893595
1/1/2005,CAF,3960897
1/1/2006,CAF,4032102
1/1/2007,CAF,4106897
1/1/2008,CAF,4185106
1/1/2009,CAF,4266247
1/1/2010,CAF,4349921
1/1/2011,CAF,4436217
1/1/2012,CAF,4525209
1/1/2000,CAN,30769700
1/1/2001,CAN,31081900
1/1/2002,CAN,31362000
1/1/2003,CAN,31676000
1/1/2004,CAN,31995000
1/1/2005,CAN,32312000
1/1/2006,CAN,32576074
1/1/2007,CAN,32927517
1/1/2008,CAN,33317662
1/1/2009,CAN,33726915
1/1/2010,CAN,34126547
1/1/2011,CAN,34483975
1/1/2012,CAN,34880491
1/1/2000,CHE,7184250
1/1/2001,CHE,7229854
1/1/2002,CHE,7284753
1/1/2003,CHE,7339001
1/1/2004,CHE,7389625
1/1/2005,CHE,7437115
1/1/2006,CHE,7483934
1/1/2007,CHE,7551117
1/1/2008,CHE,7647675
1/1/2009,CHE,7743831
1/1/2010,CHE,7824909
1/1/2011,CHE,7912398
1/1/2012,CHE,7997152
1/1/2000,CHL,15454402
1/1/2001,CHL,15639289
1/1/2002,CHL,15819522
1/1/2003,CHL,15995658
1/1/2004,CHL,16168241
1/1/2005,CHL,16337749
1/1/2006,CHL,16504530
1/1/2007,CHL,16668892
1/1/2008,CHL,16831184
1/1/2009,CHL,16991729
1/1/2010,CHL,17150760
1/1/2011,CHL,17308449
1/1/2012,CHL,17464814
1/1/2000,CHN,1262645000
1/1/2001,CHN,1271850000
1/1/2002,CHN,1280400000
1/1/2003,CHN,1288400000
1/1/2004,CHN,1296075000
1/1/2005,CHN,1303720000
1/1/2006,CHN,1311020000
1/1/2007,CHN,1317885000
1/1/2008,CHN,1324655000
1/1/2009,CHN,1331260000
1/1/2010,CHN,1337705000
1/1/2011,CHN,1344130000
1/1/2012,CHN,1350695000
1/1/2000,CIV,16131332
1/1/2001,CIV,16420173
1/1/2002,CIV,16674987
1/1/2003,CIV,16909801
1/1/2004,CIV,17144325
1/1/2005,CIV,17393994
1/1/2006,CIV,17662417
1/1/2007,CIV,17949061
1/1/2008,CIV,18260044
1/1/2009,CIV,18601342
1/1/2010,CIV,18976588
1/1/2011,CIV,19389954
1/1/2012,CIV,19839750
1/1/2000,CMR,15927713
1/1/2001,CMR,16350440
1/1/2002,CMR,16782044
1/1/2003,CMR,17223277
1/1/2004,CMR,17674960
1/1/2005,CMR,18137734
1/1/2006,CMR,18611937
1/1/2007,CMR,19097676
1/1/2008,CMR,19595026
1/1/2009,CMR,20103945
1/1/2010,CMR,20624343
1/1/2011,CMR,21156272
1/1/2012,CMR,21699631
1/1/2000,COG,3126204
1/1/2001,COG,3205636
1/1/2002,COG,3283719
1/1/2003,COG,3363418
1/1/2004,COG,3448868
1/1/2005,COG,3542867
1/1/2006,COG,3646653
1/1/2007,COG,3758858
1/1/2008,COG,3876475
1/1/2009,COG,3995146
1/1/2010,COG,4111715
1/1/2011,COG,4225359
1/1/2012,COG,4337051
1/1/2000,COL,39897984
1/1/2001,COL,40558648
1/1/2002,COL,41216304
1/1/2003,COL,41872051
1/1/2004,COL,42527623
1/1/2005,COL,43184026
1/1/2006,COL,43841370
1/1/2007,COL,44498390
1/1/2008,COL,45153037
1/1/2009,COL,45802561
1/1/2010,COL,46444798
1/1/2011,COL,47078792
1/1/2012,COL,47704427
1/1/2000,COM,528312
1/1/2001,COM,541976
1/1/2002,COM,556028
1/1/2003,COM,570491
1/1/2004,COM,585389
1/1/2005,COM,600733
1/1/2006,COM,616526
1/1/2007,COM,632736
1/1/2008,COM,649291
1/1/2009,COM,666097
1/1/2010,COM,683081
1/1/2011,COM,700216
1/1/2012,COM,717503
1/1/2000,CPV,442426
1/1/2001,CPV,450812
1/1/2002,CPV,459140
1/1/2003,CPV,466939
1/1/2004,CPV,473577
1/1/2005,CPV,478651
1/1/2006,CPV,481940
1/1/2007,CPV,483713
1/1/2008,CPV,484651
1/1/2009,CPV,485714
1/1/2010,CPV,487601
1/1/2011,CPV,490556
1/1/2012,CPV,494401
1/1/2000,CRI,3929588
1/1/2001,CRI,4013488
1/1/2002,CRI,4093840
1/1/2003,CRI,4171145
1/1/2004,CRI,4246336
1/1/2005,CRI,4320130
1/1/2006,CRI,4392493
1/1/2007,CRI,4463226
1/1/2008,CRI,4532711
1/1/2009,CRI,4601424
1/1/2010,CRI,4669685
1/1/2011,CRI,4737680
1/1/2012,CRI,4805295
1/1/2000,CUB,11138416
1/1/2001,CUB,11175465
1/1/2002,CUB,11212125
1/1/2003,CUB,11245926
1/1/2004,CUB,11273363
1/1/2005,CUB,11292078
1/1/2006,CUB,11301100
1/1/2007,CUB,11301674
1/1/2008,CUB,11296355
1/1/2009,CUB,11288826
1/1/2010,CUB,11281768
1/1/2011,CUB,11276053
1/1/2012,CUB,11270957
1/1/2000,CYM,41685
1/1/2001,CYM,43317
1/1/2002,CYM,44742
1/1/2003,CYM,46032
1/1/2004,CYM,47299
1/1/2005,CYM,48623
1/1/2006,CYM,50026
1/1/2007,CYM,51472
1/1/2008,CYM,52912
1/1/2009,CYM,54275
1/1/2010,CYM,55509
1/1/2011,CYM,56601
1/1/2012,CYM,57570
1/1/2000,CYP,943287
1/1/2001,CYP,961481
1/1/2002,CYP,979877
1/1/2003,CYP,998142
1/1/2004,CYP,1015820
1/1/2005,CYP,1032586
1/1/2006,CYP,1048314
1/1/2007,CYP,1063095
1/1/2008,CYP,1077089
1/1/2009,CYP,1090553
1/1/2010,CYP,1103685
1/1/2011,CYP,1116513
1/1/2012,CYP,1128994
1/1/2000,CZE,10272322
1/1/2001,CZE,10236491
1/1/2002,CZE,10204853
1/1/2003,CZE,10207362
1/1/2004,CZE,10216016
1/1/2005,CZE,10235828
1/1/2006,CZE,10269134
1/1/2007,CZE,10334160
1/1/2008,CZE,10424336
1/1/2009,CZE,10487178
1/1/2010,CZE,10519792
1/1/2011,CZE,10496088
1/1/2012,CZE,10514810
1/1/2000,DEU,82211508
1/1/2001,DEU,82349925
1/1/2002,DEU,82488495
1/1/2003,DEU,82534176
1/1/2004,DEU,82516260
1/1/2005,DEU,82469422
1/1/2006,DEU,82376451
1/1/2007,DEU,82266372
1/1/2008,DEU,82110097
1/1/2009,DEU,81902307
1/1/2010,DEU,81776930
1/1/2011,DEU,81797673
1/1/2012,DEU,81889839
1/1/2000,DJI,722887
1/1/2001,DJI,733732
1/1/2002,DJI,744434
1/1/2003,DJI,755085
1/1/2004,DJI,765776
1/1/2005,DJI,776585
1/1/2006,DJI,787544
1/1/2007,DJI,798690
1/1/2008,DJI,810100
1/1/2009,DJI,821865
1/1/2010,DJI,834036
1/1/2011,DJI,846646
1/1/2012,DJI,859652
1/1/2000,DMA,69679
1/1/2001,DMA,69660
1/1/2002,DMA,69806
1/1/2003,DMA,70058
1/1/2004,DMA,70325
1/1/2005,DMA,70542
1/1/2006,DMA,70690
1/1/2007,DMA,70795
1/1/2008,DMA,70883
1/1/2009,DMA,70996
1/1/2010,DMA,71167
1/1/2011,DMA,71401
1/1/2012,DMA,71684
1/1/2000,DNK,5339616
1/1/2001,DNK,5358783
1/1/2002,DNK,5375931
1/1/2003,DNK,5390574
1/1/2004,DNK,5404523
1/1/2005,DNK,5419432
1/1/2006,DNK,5437272
1/1/2007,DNK,5461438
1/1/2008,DNK,5493621
1/1/2009,DNK,5523095
1/1/2010,DNK,5547683
1/1/2011,DNK,5570572
1/1/2012,DNK,5590478
1/1/2000,DOM,8663421
1/1/2001,DOM,8799298
1/1/2002,DOM,8935261
1/1/2003,DOM,9071318
1/1/2004,DOM,9207389
1/1/2005,DOM,9343362
1/1/2006,DOM,9479269
1/1/2007,DOM,9615015
1/1/2008,DOM,9750195
1/1/2009,DOM,9884265
1/1/2010,DOM,10016797
1/1/2011,DOM,10147598
1/1/2012,DOM,10276621
1/1/2000,DZA,31719449
1/1/2001,DZA,32150198
1/1/2002,DZA,32572977
1/1/2003,DZA,33003442
1/1/2004,DZA,33461345
1/1/2005,DZA,33960903
1/1/2006,DZA,34507214
1/1/2007,DZA,35097043
1/1/2008,DZA,35725377
1/1/2009,DZA,36383302
1/1/2010,DZA,37062820
1/1/2011,DZA,37762962
1/1/2012,DZA,38481705
1/1/2000,ECU,12533087
1/1/2001,ECU,12780869
1/1/2002,ECU,13030041
1/1/2003,ECU,13279806
1/1/2004,ECU,13529091
1/1/2005,ECU,13777131
1/1/2006,ECU,14023503
1/1/2007,ECU,14268397
1/1/2008,ECU,14512402
1/1/2009,ECU,14756424
1/1/2010,ECU,15001072
1/1/2011,ECU,15246481
1/1/2012,ECU,15492264
1/1/2000,EGY,66136590
1/1/2001,EGY,67204189
1/1/2002,EGY,68302914
1/1/2003,EGY,69432477
1/1/2004,EGY,70591288
1/1/2005,EGY,71777678
1/1/2006,EGY,72990754
1/1/2007,EGY,74229577
1/1/2008,EGY,75491922
1/1/2009,EGY,76775023
1/1/2010,EGY,78075705
1/1/2011,EGY,79392466
1/1/2012,EGY,80721874
1/1/2000,ERI,3939348
1/1/2001,ERI,4101609
1/1/2002,ERI,4281576
1/1/2003,ERI,4472533
1/1/2004,ERI,4665522
1/1/2005,ERI,4854066
1/1/2006,ERI,5035036
1/1/2007,ERI,5209846
1/1/2008,ERI,5382163
1/1/2009,ERI,5557889
1/1/2010,ERI,5741159
1/1/2011,ERI,5932852
1/1/2012,ERI,6130922
1/1/2000,ESP,40263216
1/1/2001,ESP,40720484
1/1/2002,ESP,41313973
1/1/2003,ESP,42004522
1/1/2004,ESP,42691689
1/1/2005,ESP,43398143
1/1/2006,ESP,44116441
1/1/2007,ESP,44878945
1/1/2008,ESP,45555716
1/1/2009,ESP,45908594
1/1/2010,ESP,46070971
1/1/2011,ESP,46174601
1/1/2012,ESP,46217961
1/1/2000,EST,1369515
1/1/2001,EST,1364101
1/1/2002,EST,1358644
1/1/2003,EST,1353557
1/1/2004,EST,1349290
1/1/2005,EST,1346097
1/1/2006,EST,1343547
1/1/2007,EST,1341672
1/1/2008,EST,1340675
1/1/2009,EST,1340271
1/1/2010,EST,1340161
1/1/2011,EST,1339928
1/1/2012,EST,1339396
1/1/2000,ETH,66024199
1/1/2001,ETH,67956866
1/1/2002,ETH,69948344
1/1/2003,ETH,71989666
1/1/2004,ETH,74066147
1/1/2005,ETH,76167240
1/1/2006,ETH,78290649
1/1/2007,ETH,80440708
1/1/2008,ETH,82621190
1/1/2009,ETH,84838032
1/1/2010,ETH,87095281
1/1/2011,ETH,89393063
1/1/2012,ETH,91728849
1/1/2000,FIN,5176209
1/1/2001,FIN,5188008
1/1/2002,FIN,5200598
1/1/2003,FIN,5213014
1/1/2004,FIN,5228172
1/1/2005,FIN,5246096
1/1/2006,FIN,5266268
1/1/2007,FIN,5288720
1/1/2008,FIN,5313399
1/1/2009,FIN,5338871
1/1/2010,FIN,5363352
1/1/2011,FIN,5388272
1/1/2012,FIN,5414293
1/1/2000,FJI,811647
1/1/2001,FJI,814700
1/1/2002,FJI,816237
1/1/2003,FJI,817224
1/1/2004,FJI,818995
1/1/2005,FJI,822484
1/1/2006,FJI,828060
1/1/2007,FJI,835392
1/1/2008,FJI,843851
1/1/2009,FJI,852479
1/1/2010,FJI,860559
1/1/2011,FJI,867921
1/1/2012,FJI,874742
1/1/2000,FRA,60911057
1/1/2001,FRA,61355725
1/1/2002,FRA,61803229
1/1/2003,FRA,62242474
1/1/2004,FRA,62702121
1/1/2005,FRA,63176246
1/1/2006,FRA,63617975
1/1/2007,FRA,64012572
1/1/2008,FRA,64371099
1/1/2009,FRA,64702921
1/1/2010,FRA,65031235
1/1/2011,FRA,65371613
1/1/2012,FRA,65696689
1/1/2000,FRO,46491
1/1/2001,FRO,47135
1/1/2002,FRO,47751
1/1/2003,FRO,48308
1/1/2004,FRO,48782
1/1/2005,FRO,49157
1/1/2006,FRO,49414
1/1/2007,FRO,49554
1/1/2008,FRO,49601
1/1/2009,FRO,49600
1/1/2010,FRO,49581
1/1/2011,FRO,49551
1/1/2012,FRO,49506
1/1/2000,FSM,107430
1/1/2001,FSM,107170
1/1/2002,FSM,106983
1/1/2003,FSM,106816
1/1/2004,FSM,106575
1/1/2005,FSM,106198
1/1/2006,FSM,105686
1/1/2007,FSM,105097
1/1/2008,FSM,104498
1/1/2009,FSM,103983
1/1/2010,FSM,103619
1/1/2011,FSM,103424
1/1/2012,FSM,103395
1/1/2000,GAB,1225527
1/1/2001,GAB,1255299
1/1/2002,GAB,1285318
1/1/2003,GAB,1315820
1/1/2004,GAB,1347125
1/1/2005,GAB,1379465
1/1/2006,GAB,1412907
1/1/2007,GAB,1447388
1/1/2008,GAB,1482843
1/1/2009,GAB,1519155
1/1/2010,GAB,1556222
1/1/2011,GAB,1594034
1/1/2012,GAB,1632572
1/1/2000,GBR,58892514
1/1/2001,GBR,59107960
1/1/2002,GBR,59325809
1/1/2003,GBR,59566259
1/1/2004,GBR,59867866
1/1/2005,GBR,60224307
1/1/2006,GBR,60595632
1/1/2007,GBR,60986649
1/1/2008,GBR,61393521
1/1/2009,GBR,61811027
1/1/2010,GBR,62271177
1/1/2011,GBR,62752472
1/1/2012,GBR,63227526
1/1/2000,GEO,4418300
1/1/2001,GEO,4386400
1/1/2002,GEO,4357000
1/1/2003,GEO,4328900
1/1/2004,GEO,4318300
1/1/2005,GEO,4361400
1/1/2006,GEO,4398000
1/1/2007,GEO,4388400
1/1/2008,GEO,4383800
1/1/2009,GEO,4410900
1/1/2010,GEO,4452800
1/1/2011,GEO,4483400
1/1/2012,GEO,4511800
1/1/2000,GHA,18825034
1/1/2001,GHA,19293392
1/1/2002,GHA,19786307
1/1/2003,GHA,20301686
1/1/2004,GHA,20835514
1/1/2005,GHA,21384034
1/1/2006,GHA,21947779
1/1/2007,GHA,22525659
1/1/2008,GHA,23110139
1/1/2009,GHA,23691533
1/1/2010,GHA,24262901
1/1/2011,GHA,24820706
1/1/2012,GHA,25366462
1/1/2000,GIN,8746128
1/1/2001,GIN,8895353
1/1/2002,GIN,9045748
1/1/2003,GIN,9204581
1/1/2004,GIN,9379621
1/1/2005,GIN,9576331
1/1/2006,GIN,9798963
1/1/2007,GIN,10046967
1/1/2008,GIN,10314678
1/1/2009,GIN,10593248
1/1/2010,GIN,10876033
1/1/2011,GIN,11161530
1/1/2012,GIN,11451273
1/1/2000,GMB,1228863
1/1/2001,GMB,1266691
1/1/2002,GMB,1306667
1/1/2003,GMB,1348548
1/1/2004,GMB,1391934
1/1/2005,GMB,1436549
1/1/2006,GMB,1482324
1/1/2007,GMB,1529406
1/1/2008,GMB,1577984
1/1/2009,GMB,1628332
1/1/2010,GMB,1680640
1/1/2011,GMB,1734966
1/1/2012,GMB,1791225
1/1/2000,GNB,1273312
1/1/2001,GNB,1301748
1/1/2002,GNB,1330849
1/1/2003,GNB,1360559
1/1/2004,GNB,1390791
1/1/2005,GNB,1421515
1/1/2006,GNB,1452659
1/1/2007,GNB,1484337
1/1/2008,GNB,1516920
1/1/2009,GNB,1550905
1/1/2010,GNB,1586624
1/1/2011,GNB,1624228
1/1/2012,GNB,1663558
1/1/2000,GNQ,518179
1/1/2001,GNQ,534592
1/1/2002,GNQ,551399
1/1/2003,GNQ,568552
1/1/2004,GNQ,585983
1/1/2005,GNQ,603648
1/1/2006,GNQ,621517
1/1/2007,GNQ,639618
1/1/2008,GNQ,658025
1/1/2009,GNQ,676851
1/1/2010,GNQ,696167
1/1/2011,GNQ,715996
1/1/2012,GNQ,736296
1/1/2000,GRC,10917482
1/1/2001,GRC,10949957
1/1/2002,GRC,10987543
1/1/2003,GRC,11023514
1/1/2004,GRC,11061701
1/1/2005,GRC,11103965
1/1/2006,GRC,11148460
1/1/2007,GRC,11192763
1/1/2008,GRC,11237094
1/1/2009,GRC,11282760
1/1/2010,GRC,11307502
1/1/2011,GRC,11299976
1/1/2012,GRC,11280167
1/1/2000,GRD,101620
1/1/2001,GRD,101849
1/1/2002,GRD,102099
1/1/2003,GRD,102369
1/1/2004,GRD,102655
1/1/2005,GRD,102951
1/1/2006,GRD,103260
1/1/2007,GRD,103586
1/1/2008,GRD,103932
1/1/2009,GRD,104296
1/1/2010,GRD,104677
1/1/2011,GRD,105074
1/1/2012,GRD,105483
1/1/2000,GRL,56200
1/1/2001,GRL,56350
1/1/2002,GRL,56609
1/1/2003,GRL,56765
1/1/2004,GRL,56911
1/1/2005,GRL,56935
1/1/2006,GRL,56774
1/1/2007,GRL,56555
1/1/2008,GRL,56328
1/1/2009,GRL,56323
1/1/2010,GRL,56905
1/1/2011,GRL,56905
1/1/2012,GRL,56840
1/1/2000,GTM,11204183
1/1/2001,GTM,11478984
1/1/2002,GTM,11765738
1/1/2003,GTM,12062835
1/1/2004,GTM,12367800
1/1/2005,GTM,12678919
1/1/2006,GTM,12995374
1/1/2007,GTM,13317931
1/1/2008,GTM,13648307
1/1/2009,GTM,13988988
1/1/2010,GTM,14341576
1/1/2011,GTM,14706578
1/1/2012,GTM,15082831
1/1/2000,GUM,155328
1/1/2001,GUM,156417
1/1/2002,GUM,157241
1/1/2003,GUM,157823
1/1/2004,GUM,158194
1/1/2005,GUM,158401
1/1/2006,GUM,158429
1/1/2007,GUM,158331
1/1/2008,GUM,158310
1/1/2009,GUM,158621
1/1/2010,GUM,159440
1/1/2011,GUM,160858
1/1/2012,GUM,162810
1/1/2000,GUY,744471
1/1/2001,GUY,747657
1/1/2002,GUY,750629
1/1/2003,GUY,753612
1/1/2004,GUY,756939
1/1/2005,GUY,760834
1/1/2006,GUY,765367
1/1/2007,GUY,770407
1/1/2008,GUY,775739
1/1/2009,GUY,781055
1/1/2010,GUY,786126
1/1/2011,GUY,790882
1/1/2012,GUY,795369
1/1/2000,HKG,6665000
1/1/2001,HKG,6714300
1/1/2002,HKG,6744100
1/1/2003,HKG,6730800
1/1/2004,HKG,6783500
1/1/2005,HKG,6813200
1/1/2006,HKG,6857100
1/1/2007,HKG,6916300
1/1/2008,HKG,6957800
1/1/2009,HKG,6972800
1/1/2010,HKG,7024200
1/1/2011,HKG,7071600
1/1/2012,HKG,7154600
1/1/2000,HND,6235561
1/1/2001,HND,6365040
1/1/2002,HND,6495801
1/1/2003,HND,6628171
1/1/2004,HND,6762426
1/1/2005,HND,6898825
1/1/2006,HND,7037428
1/1/2007,HND,7178436
1/1/2008,HND,7322368
1/1/2009,HND,7469844
1/1/2010,HND,7621204
1/1/2011,HND,7776669
1/1/2012,HND,7935846
1/1/2000,HRV,4426000
1/1/2001,HRV,4440000
1/1/2002,HRV,4440000
1/1/2003,HRV,4440000
1/1/2004,HRV,4439000
1/1/2005,HRV,4442000
1/1/2006,HRV,4440000
1/1/2007,HRV,4436000
1/1/2008,HRV,4434000
1/1/2009,HRV,4429000
1/1/2010,HRV,4417800
1/1/2011,HRV,4280600
1/1/2012,HRV,4267000
1/1/2000,HTI,8578234
1/1/2001,HTI,8720247
1/1/2002,HTI,8859635
1/1/2003,HTI,8996229
1/1/2004,HTI,9129933
1/1/2005,HTI,9260879
1/1/2006,HTI,9388642
1/1/2007,HTI,9513714
1/1/2008,HTI,9638255
1/1/2009,HTI,9765153
1/1/2010,HTI,9896400
1/1/2011,HTI,10032864
1/1/2012,HTI,10173775
1/1/2000,HUN,10210971
1/1/2001,HUN,10187576
1/1/2002,HUN,10158608
1/1/2003,HUN,10129552
1/1/2004,HUN,10107146
1/1/2005,HUN,10087065
1/1/2006,HUN,10071370
1/1/2007,HUN,10055780
1/1/2008,HUN,10038188
1/1/2009,HUN,10022650
1/1/2010,HUN,10000023
1/1/2011,HUN,9971727
1/1/2012,HUN,9943755
1/1/2000,IDN,208938698
1/1/2001,IDN,211970371
1/1/2002,IDN,215038285
1/1/2003,IDN,218145617
1/1/2004,IDN,221293797
1/1/2005,IDN,224480901
1/1/2006,IDN,227709821
1/1/2007,IDN,230972808
1/1/2008,IDN,234243489
1/1/2009,IDN,237486894
1/1/2010,IDN,240676485
1/1/2011,IDN,243801639
1/1/2012,IDN,246864191
1/1/2000,IMN,76806
1/1/2001,IMN,77616
1/1/2002,IMN,78338
1/1/2003,IMN,79001
1/1/2004,IMN,79658
1/1/2005,IMN,80345
1/1/2006,IMN,81068
1/1/2007,IMN,81812
1/1/2008,IMN,82561
1/1/2009,IMN,83293
1/1/2010,IMN,83992
1/1/2011,IMN,84654
1/1/2012,IMN,85284
1/1/2000,IND,1042261758
1/1/2001,IND,1059500888
1/1/2002,IND,1076705723
1/1/2003,IND,1093786762
1/1/2004,IND,1110626108
1/1/2005,IND,1127143548
1/1/2006,IND,1143289350
1/1/2007,IND,1159095250
1/1/2008,IND,1174662334
1/1/2009,IND,1190138069
1/1/2010,IND,1205624648
1/1/2011,IND,1221156319
1/1/2012,IND,1236686732
1/1/2000,IRL,3805174
1/1/2001,IRL,3866243
1/1/2002,IRL,3931947
1/1/2003,IRL,3996521
1/1/2004,IRL,4070262
1/1/2005,IRL,4159914
1/1/2006,IRL,4260341
1/1/2007,IRL,4356931
1/1/2008,IRL,4425683
1/1/2009,IRL,4458942
1/1/2010,IRL,4474356
1/1/2011,IRL,4576748
1/1/2012,IRL,4588798
1/1/2000,IRN,65911052
1/1/2001,IRN,66857624
1/1/2002,IRN,67727274
1/1/2003,IRN,68543171
1/1/2004,IRN,69342126
1/1/2005,IRN,70152384
1/1/2006,IRN,70976584
1/1/2007,IRN,71809219
1/1/2008,IRN,72660887
1/1/2009,IRN,73542954
1/1/2010,IRN,74462314
1/1/2011,IRN,75424285
1/1/2012,IRN,76424443
1/1/2000,IRQ,23801156
1/1/2001,IRQ,24516842
1/1/2002,IRQ,25238267
1/1/2003,IRQ,25959531
1/1/2004,IRQ,26673536
1/1/2005,IRQ,27377045
1/1/2006,IRQ,28064095
1/1/2007,IRQ,28740630
1/1/2008,IRQ,29429829
1/1/2009,IRQ,30163199
1/1/2010,IRQ,30962380
1/1/2011,IRQ,31760020
1/1/2012,IRQ,32578209
1/1/2000,ISL,281205
1/1/2001,ISL,284968
1/1/2002,ISL,287523
1/1/2003,ISL,289521
1/1/2004,ISL,292074
1/1/2005,ISL,296734
1/1/2006,ISL,303782
1/1/2007,ISL,311566
1/1/2008,ISL,317414
1/1/2009,ISL,318499
1/1/2010,ISL,318041
1/1/2011,ISL,319014
1/1/2012,ISL,320137
1/1/2000,ISR,6289000
1/1/2001,ISR,6439000
1/1/2002,ISR,6570000
1/1/2003,ISR,6689700
1/1/2004,ISR,6809000
1/1/2005,ISR,6930100
1/1/2006,ISR,7053700
1/1/2007,ISR,7180100
1/1/2008,ISR,7308800
1/1/2009,ISR,7485600
1/1/2010,ISR,7623600
1/1/2011,ISR,7765900
1/1/2012,ISR,7907900
1/1/2000,ITA,56942108
1/1/2001,ITA,56977217
1/1/2002,ITA,57157406
1/1/2003,ITA,57604658
1/1/2004,ITA,58175310
1/1/2005,ITA,58607043
1/1/2006,ITA,58941499
1/1/2007,ITA,59375289
1/1/2008,ITA,59832179
1/1/2009,ITA,60192698
1/1/2010,ITA,60483385
1/1/2011,ITA,60723569
1/1/2012,ITA,60917978
1/1/2000,JAM,2589388.551
1/1/2001,JAM,2604788.619
1/1/2002,JAM,2617495.224
1/1/2003,JAM,2625700
1/1/2004,JAM,2638100
1/1/2005,JAM,2650400
1/1/2006,JAM,2663100
1/1/2007,JAM,2675800
1/1/2008,JAM,2687200
1/1/2009,JAM,2695600
1/1/2010,JAM,2701200
1/1/2011,JAM,2706500
1/1/2012,JAM,2712100
1/1/2000,JOR,4797000
1/1/2001,JOR,4917000
1/1/2002,JOR,5038000
1/1/2003,JOR,5164000
1/1/2004,JOR,5290000
1/1/2005,JOR,5411000
1/1/2006,JOR,5536000
1/1/2007,JOR,5661000
1/1/2008,JOR,5786000
1/1/2009,JOR,5915000
1/1/2010,JOR,6046000
1/1/2011,JOR,6181000
1/1/2012,JOR,6318000
1/1/2000,JPN,126870000
1/1/2001,JPN,127149000
1/1/2002,JPN,127445000
1/1/2003,JPN,127718000
1/1/2004,JPN,127761000
1/1/2005,JPN,127773000
1/1/2006,JPN,127756000
1/1/2007,JPN,127770750
1/1/2008,JPN,127704040
1/1/2009,JPN,127557958
1/1/2010,JPN,127450459
1/1/2011,JPN,127817277
1/1/2012,JPN,127561489
1/1/2000,KAZ,14883626
1/1/2001,KAZ,14858335
1/1/2002,KAZ,14858948
1/1/2003,KAZ,14909019
1/1/2004,KAZ,15012984
1/1/2005,KAZ,15147029
1/1/2006,KAZ,15308085
1/1/2007,KAZ,15484192
1/1/2008,KAZ,15673999
1/1/2009,KAZ,16093481
1/1/2010,KAZ,16323287
1/1/2011,KAZ,16558676
1/1/2012,KAZ,16797459
1/1/2000,KEN,31285050
1/1/2001,KEN,32126351
1/1/2002,KEN,33000524
1/1/2003,KEN,33905011
1/1/2004,KEN,34834606
1/1/2005,KEN,35785718
1/1/2006,KEN,36757498
1/1/2007,KEN,37752304
1/1/2008,KEN,38773277
1/1/2009,KEN,39824734
1/1/2010,KEN,40909194
1/1/2011,KEN,42027891
1/1/2012,KEN,43178141
1/1/2000,KGZ,4898400
1/1/2001,KGZ,4945100
1/1/2002,KGZ,4990700
1/1/2003,KGZ,5043300
1/1/2004,KGZ,5104700
1/1/2005,KGZ,5162600
1/1/2006,KGZ,5218400
1/1/2007,KGZ,5268400
1/1/2008,KGZ,5318700
1/1/2009,KGZ,5383300
1/1/2010,KGZ,5447900
1/1/2011,KGZ,5514600
1/1/2012,KGZ,5582100
1/1/2000,KHM,12222871
1/1/2001,KHM,12472586
1/1/2002,KHM,12709336
1/1/2003,KHM,12934369
1/1/2004,KHM,13149386
1/1/2005,KHM,13356424
1/1/2006,KHM,13555054
1/1/2007,KHM,13747288
1/1/2008,KHM,13940518
1/1/2009,KHM,14144225
1/1/2010,KHM,14364931
1/1/2011,KHM,14605862
1/1/2012,KHM,14864646
1/1/2000,KIR,82788
1/1/2001,KIR,84261
1/1/2002,KIR,85799
1/1/2003,KIR,87371
1/1/2004,KIR,88936
1/1/2005,KIR,90468
1/1/2006,KIR,91953
1/1/2007,KIR,93401
1/1/2008,KIR,94832
1/1/2009,KIR,96272
1/1/2010,KIR,97743
1/1/2011,KIR,99250
1/1/2012,KIR,100786
1/1/2000,KNA,45544
1/1/2001,KNA,46214
1/1/2002,KNA,46934
1/1/2003,KNA,47679
1/1/2004,KNA,48421
1/1/2005,KNA,49139
1/1/2006,KNA,49823
1/1/2007,KNA,50478
1/1/2008,KNA,51110
1/1/2009,KNA,51731
1/1/2010,KNA,52352
1/1/2011,KNA,52971
1/1/2012,KNA,53584
1/1/2000,KOR,47008000
1/1/2001,KOR,47357000
1/1/2002,KOR,47622000
1/1/2003,KOR,47859000
1/1/2004,KOR,48039000
1/1/2005,KOR,48138000
1/1/2006,KOR,48372000
1/1/2007,KOR,48598000
1/1/2008,KOR,48949000
1/1/2009,KOR,49182000
1/1/2010,KOR,49410000
1/1/2011,KOR,49779000
1/1/2012,KOR,50004000
1/1/2000,KSV,1700000
1/1/2001,KSV,1701154
1/1/2002,KSV,1702310
1/1/2003,KSV,1703466
1/1/2004,KSV,1704622
1/1/2005,KSV,1705780
1/1/2006,KSV,1719536
1/1/2007,KSV,1733404
1/1/2008,KSV,1747383
1/1/2009,KSV,1761474
1/1/2010,KSV,1775680
1/1/2011,KSV,1790957
1/1/2012,KSV,1806366
1/1/2000,KWT,1906231
1/1/2001,KWT,1980604
1/1/2002,KWT,2048232
1/1/2003,KWT,2116353
1/1/2004,KWT,2196466
1/1/2005,KWT,2296314
1/1/2006,KWT,2417445
1/1/2007,KWT,2554920
1/1/2008,KWT,2702221
1/1/2009,KWT,2850102
1/1/2010,KWT,2991580
1/1/2011,KWT,3124705
1/1/2012,KWT,3250496
1/1/2000,LAO,5388281
1/1/2001,LAO,5470169
1/1/2002,LAO,5545245
1/1/2003,LAO,5619069
1/1/2004,LAO,5699112
1/1/2005,LAO,5790646
1/1/2006,LAO,5895930
1/1/2007,LAO,6013278
1/1/2008,LAO,6139127
1/1/2009,LAO,6267968
1/1/2010,LAO,6395713
1/1/2011,LAO,6521314
1/1/2012,LAO,6645827
1/1/2000,LBN,3235380
1/1/2001,LBN,3357600
1/1/2002,LBN,3515604
1/1/2003,LBN,3690110
1/1/2004,LBN,3853582
1/1/2005,LBN,3986865
1/1/2006,LBN,4079823
1/1/2007,LBN,4139813
1/1/2008,LBN,4186088
1/1/2009,LBN,4246924
1/1/2010,LBN,4341092
1/1/2011,LBN,4382790
1/1/2012,LBN,4424888
1/1/2000,LBR,2891968
1/1/2001,LBR,2998770
1/1/2002,LBR,3070673
1/1/2003,LBR,3124222
1/1/2004,LBR,3184643
1/1/2005,LBR,3269786
1/1/2006,LBR,3384791
1/1/2007,LBR,3522294
1/1/2008,LBR,3672714
1/1/2009,LBR,3821440
1/1/2010,LBR,3957990
1/1/2011,LBR,4079697
1/1/2012,LBR,4190435
1/1/2000,LBY,5176185
1/1/2001,LBY,5258677
1/1/2002,LBY,5340389
1/1/2003,LBY,5422612
1/1/2004,LBY,5507000
1/1/2005,LBY,5594450
1/1/2006,LBY,5686475
1/1/2007,LBY,5782108
1/1/2008,LBY,5876805
1/1/2009,LBY,5964325
1/1/2010,LBY,6040612
1/1/2011,LBY,6103233
1/1/2012,LBY,6154623
1/1/2000,LCA,156949
1/1/2001,LCA,158650
1/1/2002,LCA,160217
1/1/2003,LCA,161766
1/1/2004,LCA,163460
1/1/2005,LCA,165407
1/1/2006,LCA,167658
1/1/2007,LCA,170149
1/1/2008,LCA,172734
1/1/2009,LCA,175200
1/1/2010,LCA,177397
1/1/2011,LCA,179271
1/1/2012,LCA,180870
1/1/2000,LIE,33093
1/1/2001,LIE,33475
1/1/2002,LIE,33821
1/1/2003,LIE,34141
1/1/2004,LIE,34445
1/1/2005,LIE,34740
1/1/2006,LIE,35028
1/1/2007,LIE,35308
1/1/2008,LIE,35582
1/1/2009,LIE,35851
1/1/2010,LIE,36120
1/1/2011,LIE,36388
1/1/2012,LIE,36656
1/1/2000,LKA,19102000
1/1/2001,LKA,18797000
1/1/2002,LKA,18921000
1/1/2003,LKA,19173000
1/1/2004,LKA,19435000
1/1/2005,LKA,19644000
1/1/2006,LKA,19858000
1/1/2007,LKA,20039000
1/1/2008,LKA,20217000
1/1/2009,LKA,20450000
1/1/2010,LKA,20653000
1/1/2011,LKA,20869000
1/1/2012,LKA,20328000
1/1/2000,LSO,1856225
1/1/2001,LSO,1871500
1/1/2002,LSO,1885487
1/1/2003,LSO,1898757
1/1/2004,LSO,1912022
1/1/2005,LSO,1925844
1/1/2006,LSO,1940413
1/1/2007,LSO,1955784
1/1/2008,LSO,1972199
1/1/2009,LSO,1989873
1/1/2010,LSO,2008921
1/1/2011,LSO,2029516
1/1/2012,LSO,2051545
1/1/2000,LTU,3499536
1/1/2001,LTU,3481292
1/1/2002,LTU,3469070
1/1/2003,LTU,3454205
1/1/2004,LTU,3435591
1/1/2005,LTU,3414304
1/1/2006,LTU,3394082
1/1/2007,LTU,3375618
1/1/2008,LTU,3358115
1/1/2009,LTU,3339456
1/1/2010,LTU,3286820
1/1/2011,LTU,3030173
1/1/2012,LTU,2985509
1/1/2000,LUX,436300
1/1/2001,LUX,441525
1/1/2002,LUX,446175
1/1/2003,LUX,451630
1/1/2004,LUX,458095
1/1/2005,LUX,465158
1/1/2006,LUX,472637
1/1/2007,LUX,479993
1/1/2008,LUX,488650
1/1/2009,LUX,497783
1/1/2010,LUX,506953
1/1/2011,LUX,518347
1/1/2012,LUX,531441
1/1/2000,LVA,2372985
1/1/2001,LVA,2355011
1/1/2002,LVA,2338624
1/1/2003,LVA,2325342
1/1/2004,LVA,2312819
1/1/2005,LVA,2300512
1/1/2006,LVA,2287948
1/1/2007,LVA,2276100
1/1/2008,LVA,2266094
1/1/2009,LVA,2254834
1/1/2010,LVA,2239008
1/1/2011,LVA,2058184
1/1/2012,LVA,2025473
1/1/2000,MAC,431907
1/1/2001,MAC,438080
1/1/2002,MAC,444150
1/1/2003,MAC,450711
1/1/2004,MAC,458542
1/1/2005,MAC,468149
1/1/2006,MAC,479808
1/1/2007,MAC,493206
1/1/2008,MAC,507528
1/1/2009,MAC,521617
1/1/2010,MAC,534626
1/1/2011,MAC,546278
1/1/2012,MAC,556783
1/1/2000,MAF,28384
1/1/2001,MAF,27782
1/1/2002,MAF,27450
1/1/2003,MAF,27363
1/1/2004,MAF,27514
1/1/2005,MAF,27906
1/1/2006,MAF,28414
1/1/2007,MAF,28905
1/1/2008,MAF,29376
1/1/2009,MAF,29820
1/1/2010,MAF,30235
1/1/2011,MAF,30615
1/1/2012,MAF,30959
1/1/2000,MAR,28710123
1/1/2001,MAR,29021156
1/1/2002,MAR,29311443
1/1/2003,MAR,29586937
1/1/2004,MAR,29855820
1/1/2005,MAR,30125445
1/1/2006,MAR,30395097
1/1/2007,MAR,30667086
1/1/2008,MAR,30955151
1/1/2009,MAR,31276564
1/1/2010,MAR,31642360
1/1/2011,MAR,32059424
1/1/2012,MAR,32521143
1/1/2000,MCO,32081
1/1/2001,MCO,32366
1/1/2002,MCO,32653
1/1/2003,MCO,32968
1/1/2004,MCO,33346
1/1/2005,MCO,33808
1/1/2006,MCO,34369
1/1/2007,MCO,35013
1/1/2008,MCO,35686
1/1/2009,MCO,36314
1/1/2010,MCO,36845
1/1/2011,MCO,37261
1/1/2012,MCO,37579
1/1/2000,MDA,3639588
1/1/2001,MDA,3631460
1/1/2002,MDA,3623059
1/1/2003,MDA,3612869
1/1/2004,MDA,3603934
1/1/2005,MDA,3595182
1/1/2006,MDA,3585520
1/1/2007,MDA,3576904
1/1/2008,MDA,3570107
1/1/2009,MDA,3565603
1/1/2010,MDA,3562062
1/1/2011,MDA,3560801
1/1/2012,MDA,3559541
1/1/2000,MDG,15744811
1/1/2001,MDG,16235767
1/1/2002,MDG,16736029
1/1/2003,MDG,17245275
1/1/2004,MDG,17763367
1/1/2005,MDG,18290394
1/1/2006,MDG,18826126
1/1/2007,MDG,19371023
1/1/2008,MDG,19926785
1/1/2009,MDG,20495695
1/1/2010,MDG,21079532
1/1/2011,MDG,21678934
1/1/2012,MDG,22293914
1/1/2000,MDV,272745
1/1/2001,MDV,277825
1/1/2002,MDV,282743
1/1/2003,MDV,287594
1/1/2004,MDV,292505
1/1/2005,MDV,297576
1/1/2006,MDV,302825
1/1/2007,MDV,308239
1/1/2008,MDV,313843
1/1/2009,MDV,319660
1/1/2010,MDV,325694
1/1/2011,MDV,331964
1/1/2012,MDV,338442
1/1/2000,MEX,103873607
1/1/2001,MEX,105339877
1/1/2002,MEX,106723661
1/1/2003,MEX,108056312
1/1/2004,MEX,109381550
1/1/2005,MEX,110731826
1/1/2006,MEX,112116694
1/1/2007,MEX,113529819
1/1/2008,MEX,114968039
1/1/2009,MEX,116422752
1/1/2010,MEX,117886404
1/1/2011,MEX,119361233
1/1/2012,MEX,120847477
1/1/2000,MHL,52161
1/1/2001,MHL,52184
1/1/2002,MHL,52161
1/1/2003,MHL,52115
1/1/2004,MHL,52074
1/1/2005,MHL,52058
1/1/2006,MHL,52084
1/1/2007,MHL,52150
1/1/2008,MHL,52245
1/1/2009,MHL,52341
1/1/2010,MHL,52428
1/1/2011,MHL,52495
1/1/2012,MHL,52555
1/1/2000,MKD,2052129
1/1/2001,MKD,2065098
1/1/2002,MKD,2074441
1/1/2003,MKD,2080866
1/1/2004,MKD,2085728
1/1/2005,MKD,2090044
1/1/2006,MKD,2093801
1/1/2007,MKD,2096620
1/1/2008,MKD,2098769
1/1/2009,MKD,2100558
1/1/2010,MKD,2102216
1/1/2011,MKD,2103890
1/1/2012,MKD,2105575
1/1/2000,MLI,10260577
1/1/2001,MLI,10562768
1/1/2002,MLI,10882662
1/1/2003,MLI,11219737
1/1/2004,MLI,11572936
1/1/2005,MLI,11941258
1/1/2006,MLI,12325545
1/1/2007,MLI,12725629
1/1/2008,MLI,13138299
1/1/2009,MLI,13559296
1/1/2010,MLI,13985961
1/1/2011,MLI,14416737
1/1/2012,MLI,14853572
1/1/2000,MLT,381363
1/1/2001,MLT,393028
1/1/2002,MLT,395969
1/1/2003,MLT,398582
1/1/2004,MLT,401268
1/1/2005,MLT,403837
1/1/2006,MLT,406408
1/1/2007,MLT,409050
1/1/2008,MLT,411950
1/1/2009,MLT,413991
1/1/2010,MLT,415995
1/1/2011,MLT,416676
1/1/2012,MLT,418366
1/1/2000,MMR,48453000
1/1/2001,MMR,48894203
1/1/2002,MMR,49261313
1/1/2003,MMR,49577152
1/1/2004,MMR,49875169
1/1/2005,MMR,50181020
1/1/2006,MMR,50500070
1/1/2007,MMR,50828959
1/1/2008,MMR,51174018
1/1/2009,MMR,51540490
1/1/2010,MMR,51931231
1/1/2011,MMR,52350763
1/1/2012,MMR,52797319
1/1/2000,MNE,611196
1/1/2001,MNE,611525
1/1/2002,MNE,612325
1/1/2003,MNE,613448
1/1/2004,MNE,614670
1/1/2005,MNE,615820
1/1/2006,MNE,616854
1/1/2007,MNE,617800
1/1/2008,MNE,618649
1/1/2009,MNE,619408
1/1/2010,MNE,620078
1/1/2011,MNE,620644
1/1/2012,MNE,621081
1/1/2000,MNG,2397473
1/1/2001,MNG,2419669
1/1/2002,MNG,2443231
1/1/2003,MNG,2468595
1/1/2004,MNG,2496248
1/1/2005,MNG,2526502
1/1/2006,MNG,2559496
1/1/2007,MNG,2595068
1/1/2008,MNG,2632834
1/1/2009,MNG,2672223
1/1/2010,MNG,2712738
1/1/2011,MNG,2754209
1/1/2012,MNG,2796484
1/1/2000,MNP,68434
1/1/2001,MNP,68817
1/1/2002,MNP,68499
1/1/2003,MNP,67562
1/1/2004,MNP,66143
1/1/2005,MNP,64372
1/1/2006,MNP,62235
1/1/2007,MNP,59792
1/1/2008,MNP,57345
1/1/2009,MNP,55278
1/1/2010,MNP,53860
1/1/2011,MNP,53230
1/1/2012,MNP,53305
1/1/2000,MOZ,18275618
1/1/2001,MOZ,18785719
1/1/2002,MOZ,19319894
1/1/2003,MOZ,19873460
1/1/2004,MOZ,20438827
1/1/2005,MOZ,21010376
1/1/2006,MOZ,21587317
1/1/2007,MOZ,22171404
1/1/2008,MOZ,22762525
1/1/2009,MOZ,23361025
1/1/2010,MOZ,23967265
1/1/2011,MOZ,24581367
1/1/2012,MOZ,25203395
1/1/2000,MRT,2708095
1/1/2001,MRT,2791403
1/1/2002,MRT,2877431
1/1/2003,MRT,2965667
1/1/2004,MRT,3055425
1/1/2005,MRT,3146164
1/1/2006,MRT,3237713
1/1/2007,MRT,3330037
1/1/2008,MRT,3422901
1/1/2009,MRT,3516077
1/1/2010,MRT,3609420
1/1/2011,MRT,3702763
1/1/2012,MRT,3796141
1/1/2000,MUS,1186873
1/1/2001,MUS,1199881
1/1/2002,MUS,1210196
1/1/2003,MUS,1222811
1/1/2004,MUS,1233386
1/1/2005,MUS,1243253
1/1/2006,MUS,1252698
1/1/2007,MUS,1260403
1/1/2008,MUS,1268565
1/1/2009,MUS,1275032
1/1/2010,MUS,1280924
1/1/2011,MUS,1286051
1/1/2012,MUS,1291456
1/1/2000,MWI,11321496
1/1/2001,MWI,11623166
1/1/2002,MWI,11926778
1/1/2003,MWI,12238739
1/1/2004,MWI,12569091
1/1/2005,MWI,12924746
1/1/2006,MWI,13307535
1/1/2007,MWI,13713758
1/1/2008,MWI,14138207
1/1/2009,MWI,14573338
1/1/2010,MWI,15013694
1/1/2011,MWI,15457531
1/1/2012,MWI,15906483
1/1/2000,MYS,23420751
1/1/2001,MYS,23925742
1/1/2002,MYS,24413795
1/1/2003,MYS,24890654
1/1/2004,MYS,25365089
1/1/2005,MYS,25843466
1/1/2006,MYS,26327098
1/1/2007,MYS,26813819
1/1/2008,MYS,27302348
1/1/2009,MYS,27790324
1/1/2010,MYS,28275835
1/1/2011,MYS,28758968
1/1/2012,MYS,29239927
1/1/2000,NAC,312993944
1/1/2001,NAC,316113359
1/1/2002,NAC,319050105
1/1/2003,NAC,321847258
1/1/2004,NAC,324864038
1/1/2005,NAC,327892753
1/1/2006,NAC,331020509
1/1/2007,NAC,334223612
1/1/2008,NAC,337476901
1/1/2009,NAC,340564080
1/1/2010,NAC,343517896
1/1/2011,NAC,346136355
1/1/2012,NAC,348859337
1/1/2000,NAM,1897953
1/1/2001,NAM,1931282
1/1/2002,NAM,1958303
1/1/2003,NAM,1981237
1/1/2004,NAM,2003320
1/1/2005,NAM,2027026
1/1/2006,NAM,2052931
1/1/2007,NAM,2080700
1/1/2008,NAM,2110791
1/1/2009,NAM,2143498
1/1/2010,NAM,2178967
1/1/2011,NAM,2217618
1/1/2012,NAM,2259393
1/1/2000,NCL,213230
1/1/2001,NCL,217324
1/1/2002,NCL,221490
1/1/2003,NCL,225735
1/1/2004,NCL,230068
1/1/2005,NCL,234393
1/1/2006,NCL,238459
1/1/2007,NCL,242400
1/1/2008,NCL,243985
1/1/2009,NCL,245580
1/1/2010,NCL,249992
1/1/2011,NCL,254024
1/1/2012,NCL,258121
1/1/2000,NER,10989815
1/1/2001,NER,11396434
1/1/2002,NER,11817297
1/1/2003,NER,12254040
1/1/2004,NER,12708897
1/1/2005,NER,13183798
1/1/2006,NER,13679705
1/1/2007,NER,14197289
1/1/2008,NER,14737895
1/1/2009,NER,15302948
1/1/2010,NER,15893746
1/1/2011,NER,16511462
1/1/2012,NER,17157042
1/1/2000,NGA,122876727
1/1/2001,NGA,126004992
1/1/2002,NGA,129224641
1/1/2003,NGA,132550146
1/1/2004,NGA,135999250
1/1/2005,NGA,139585891
1/1/2006,NGA,143314909
1/1/2007,NGA,147187353
1/1/2008,NGA,151208080
1/1/2009,NGA,155381020
1/1/2010,NGA,159707780
1/1/2011,NGA,164192925
1/1/2012,NGA,168833776
1/1/2000,NIC,5100920
1/1/2001,NIC,5176685
1/1/2002,NIC,5248577
1/1/2003,NIC,5317878
1/1/2004,NIC,5386299
1/1/2005,NIC,5455219
1/1/2006,NIC,5524927
1/1/2007,NIC,5595533
1/1/2008,NIC,5667983
1/1/2009,NIC,5743329
1/1/2010,NIC,5822209
1/1/2011,NIC,5905146
1/1/2012,NIC,5991733
1/1/2000,NLD,15925513
1/1/2001,NLD,16046180
1/1/2002,NLD,16148929
1/1/2003,NLD,16225302
1/1/2004,NLD,16281779
1/1/2005,NLD,16319868
1/1/2006,NLD,16346101
1/1/2007,NLD,16381696
1/1/2008,NLD,16445593
1/1/2009,NLD,16530388
1/1/2010,NLD,16615394
1/1/2011,NLD,16693074
1/1/2012,NLD,16767705
1/1/2000,NOR,4490967
1/1/2001,NOR,4513751
1/1/2002,NOR,4538159
1/1/2003,NOR,4564855
1/1/2004,NOR,4591910
1/1/2005,NOR,4623291
1/1/2006,NOR,4660677
1/1/2007,NOR,4709153
1/1/2008,NOR,4768212
1/1/2009,NOR,4828726
1/1/2010,NOR,4889252
1/1/2011,NOR,4953088
1/1/2012,NOR,5018869
1/1/2000,NPL,23184177
1/1/2001,NPL,23655119
1/1/2002,NPL,24102862
1/1/2003,NPL,24525527
1/1/2004,NPL,24921910
1/1/2005,NPL,25292058
1/1/2006,NPL,25634043
1/1/2007,NPL,25950022
1/1/2008,NPL,26249412
1/1/2009,NPL,26544943
1/1/2010,NPL,26846016
1/1/2011,NPL,27156367
1/1/2012,NPL,27474377
1/1/2000,NZL,3857700
1/1/2001,NZL,3880500
1/1/2002,NZL,3948500
1/1/2003,NZL,4027200
1/1/2004,NZL,4087500
1/1/2005,NZL,4133900
1/1/2006,NZL,4184600
1/1/2007,NZL,4228300
1/1/2008,NZL,4268900
1/1/2009,NZL,4315800
1/1/2010,NZL,4367800
1/1/2011,NZL,4405200
1/1/2012,NZL,4433100
1/1/2000,OMN,2192535
1/1/2001,OMN,2239025
1/1/2002,OMN,2308409
1/1/2003,OMN,2389121
1/1/2004,OMN,2464001
1/1/2005,OMN,2522325
1/1/2006,OMN,2554905
1/1/2007,OMN,2569739
1/1/2008,OMN,2593523
1/1/2009,OMN,2663224
1/1/2010,OMN,2802768
1/1/2011,OMN,3024774
1/1/2012,OMN,3314001
1/1/2000,PAK,143832014
1/1/2001,PAK,146857081
1/1/2002,PAK,149693684
1/1/2003,PAK,152419974
1/1/2004,PAK,155151394
1/1/2005,PAK,157971415
1/1/2006,PAK,160905794
1/1/2007,PAK,163928329
1/1/2008,PAK,167008083
1/1/2009,PAK,170093999
1/1/2010,PAK,173149306
1/1/2011,PAK,176166353
1/1/2012,PAK,179160111
1/1/2000,PAN,3054812
1/1/2001,PAN,3116409
1/1/2002,PAN,3178450
1/1/2003,PAN,3240805
1/1/2004,PAN,3303335
1/1/2005,PAN,3365929
1/1/2006,PAN,3428509
1/1/2007,PAN,3491034
1/1/2008,PAN,3553480
1/1/2009,PAN,3615846
1/1/2010,PAN,3678128
1/1/2011,PAN,3740282
1/1/2012,PAN,3802281
1/1/2000,PER,26000080
1/1/2001,PER,26372358
1/1/2002,PER,26729909
1/1/2003,PER,27073334
1/1/2004,PER,27403845
1/1/2005,PER,27723281
1/1/2006,PER,28030688
1/1/2007,PER,28328410
1/1/2008,PER,28625628
1/1/2009,PER,28934303
1/1/2010,PER,29262830
1/1/2011,PER,29614887
1/1/2012,PER,29987800
1/1/2000,PHL,77651848
1/1/2001,PHL,79297756
1/1/2002,PHL,80953652
1/1/2003,PHL,82604681
1/1/2004,PHL,84231329
1/1/2005,PHL,85821214
1/1/2006,PHL,87366573
1/1/2007,PHL,88875548
1/1/2008,PHL,90371287
1/1/2009,PHL,91886400
1/1/2010,PHL,93444322
1/1/2011,PHL,95053437
1/1/2012,PHL,96706764
1/1/2000,PLW,19174
1/1/2001,PLW,19404
1/1/2002,PLW,19575
1/1/2003,PLW,19700
1/1/2004,PLW,19805
1/1/2005,PLW,19907
1/1/2006,PLW,20012
1/1/2007,PLW,20118
1/1/2008,PLW,20228
1/1/2009,PLW,20344
1/1/2010,PLW,20470
1/1/2011,PLW,20606
1/1/2012,PLW,20754
1/1/2000,PNG,5379226
1/1/2001,PNG,5518971
1/1/2002,PNG,5660267
1/1/2003,PNG,5803302
1/1/2004,PNG,5948461
1/1/2005,PNG,6095959
1/1/2006,PNG,6245797
1/1/2007,PNG,6397623
1/1/2008,PNG,6550877
1/1/2009,PNG,6704829
1/1/2010,PNG,6858945
1/1/2011,PNG,7012977
1/1/2012,PNG,7167010
1/1/2000,POL,38453757
1/1/2001,POL,38248076
1/1/2002,POL,38230364
1/1/2003,POL,38204570
1/1/2004,POL,38182222
1/1/2005,POL,38165445
1/1/2006,POL,38141267
1/1/2007,POL,38120560
1/1/2008,POL,38125759
1/1/2009,POL,38151603
1/1/2010,POL,38183683
1/1/2011,POL,38534157
1/1/2012,POL,38542737
1/1/2000,PRI,3810605
1/1/2001,PRI,3818774
1/1/2002,PRI,3823701
1/1/2003,PRI,3826095
1/1/2004,PRI,3826878
1/1/2005,PRI,3821362
1/1/2006,PRI,3805214
1/1/2007,PRI,3782995
1/1/2008,PRI,3760866
1/1/2009,PRI,3740410
1/1/2010,PRI,3721208
1/1/2011,PRI,3694093
1/1/2012,PRI,3667084
1/1/2000,PRK,22840225
1/1/2001,PRK,23043449
1/1/2002,PRK,23248059
1/1/2003,PRK,23449180
1/1/2004,PRK,23639303
1/1/2005,PRK,23813333
1/1/2006,PRK,23969917
1/1/2007,PRK,24111989
1/1/2008,PRK,24243894
1/1/2009,PRK,24371865
1/1/2010,PRK,24500520
1/1/2011,PRK,24631291
1/1/2012,PRK,24763188
1/1/2000,PRT,10225836
1/1/2001,PRT,10292999
1/1/2002,PRT,10368403
1/1/2003,PRT,10441075
1/1/2004,PRT,10501970
1/1/2005,PRT,10549424
1/1/2006,PRT,10584344
1/1/2007,PRT,10608335
1/1/2008,PRT,10622413
1/1/2009,PRT,10632482
1/1/2010,PRT,10637346
1/1/2011,PRT,10556999
1/1/2012,PRT,10526703
1/1/2000,PRY,5350253
1/1/2001,PRY,5460621
1/1/2002,PRY,5571371
1/1/2003,PRY,5682350
1/1/2004,PRY,5793330
1/1/2005,PRY,5904170
1/1/2006,PRY,6014781
1/1/2007,PRY,6125285
1/1/2008,PRY,6236005
1/1/2009,PRY,6347383
1/1/2010,PRY,6459721
1/1/2011,PRY,6573097
1/1/2012,PRY,6687361
1/1/2000,PSS,1952589
1/1/2001,PSS,1974075
1/1/2002,PSS,1994790
1/1/2003,PSS,2015471
1/1/2004,PSS,2037106
1/1/2005,PSS,2060378
1/1/2006,PSS,2085616
1/1/2007,PSS,2112600
1/1/2008,PSS,2140772
1/1/2009,PSS,2169285
1/1/2010,PSS,2197519
1/1/2011,PSS,2225298
1/1/2012,PSS,2252782
1/1/2000,PYF,237267
1/1/2001,PYF,241276
1/1/2002,PYF,245032
1/1/2003,PYF,248536
1/1/2004,PYF,251811
1/1/2005,PYF,254884
1/1/2006,PYF,257731
1/1/2007,PYF,260361
1/1/2008,PYF,262877
1/1/2009,PYF,265412
1/1/2010,PYF,268065
1/1/2011,PYF,270874
1/1/2012,PYF,273814
1/1/2000,QAT,593693
1/1/2001,QAT,611808
1/1/2002,QAT,629745
1/1/2003,QAT,660238
1/1/2004,QAT,720383
1/1/2005,QAT,821159
1/1/2006,QAT,967602
1/1/2007,QAT,1152459
1/1/2008,QAT,1359114
1/1/2009,QAT,1564082
1/1/2010,QAT,1749713
1/1/2011,QAT,1910902
1/1/2012,QAT,2050514
1/1/2000,ROU,22442971
1/1/2001,ROU,22131970
1/1/2002,ROU,21803129
1/1/2003,ROU,21742013
1/1/2004,ROU,21684890
1/1/2005,ROU,21634371
1/1/2006,ROU,21587666
1/1/2007,ROU,21546873
1/1/2008,ROU,21513622
1/1/2009,ROU,21480401
1/1/2010,ROU,21438001
1/1/2011,ROU,21384832
1/1/2012,ROU,21326905
1/1/2000,RUS,146303000
1/1/2001,RUS,145949580.3
1/1/2002,RUS,145299690.3
1/1/2003,RUS,144599446.7
1/1/2004,RUS,143849574.2
1/1/2005,RUS,143150000
1/1/2006,RUS,142500000
1/1/2007,RUS,142100000
1/1/2008,RUS,141950000
1/1/2009,RUS,141910000
1/1/2010,RUS,142389000
1/1/2011,RUS,142960000
1/1/2012,RUS,143533000
1/1/2000,RWA,8395577
1/1/2001,RWA,8760003
1/1/2002,RWA,8987523
1/1/2003,RWA,9126167
1/1/2004,RWA,9254379
1/1/2005,RWA,9429457
1/1/2006,RWA,9660946
1/1/2007,RWA,9928143
1/1/2008,RWA,10222961
1/1/2009,RWA,10529668
1/1/2010,RWA,10836732
1/1/2011,RWA,11144315
1/1/2012,RWA,11457801
1/1/2000,SAU,20144584
1/1/2001,SAU,20891594
1/1/2002,SAU,21825217
1/1/2003,SAU,22852333
1/1/2004,SAU,23839231
1/1/2005,SAU,24690067
1/1/2006,SAU,25371936
1/1/2007,SAU,25915624
1/1/2008,SAU,26366358
1/1/2009,SAU,26796375
1/1/2010,SAU,27258387
1/1/2011,SAU,27761728
1/1/2012,SAU,28287855
1/1/2000,SDN,27729798
1/1/2001,SDN,28434810
1/1/2002,SDN,29186427
1/1/2003,SDN,29973979
1/1/2004,SDN,30778572
1/1/2005,SDN,31585871
1/1/2006,SDN,32397535
1/1/2007,SDN,33218250
1/1/2008,SDN,34040065
1/1/2009,SDN,34853178
1/1/2010,SDN,35652002
1/1/2011,SDN,36430923
1/1/2012,SDN,37195349
1/1/2000,SEN,9861679
1/1/2001,SEN,10119118
1/1/2002,SEN,10390050
1/1/2003,SEN,10673535
1/1/2004,SEN,10967568
1/1/2005,SEN,11270826
1/1/2006,SEN,11582925
1/1/2007,SEN,11904974
1/1/2008,SEN,12238791
1/1/2009,SEN,12586827
1/1/2010,SEN,12950564
1/1/2011,SEN,13330737
1/1/2012,SEN,13726021
1/1/2000,SGP,4027900
1/1/2001,SGP,4138000
1/1/2002,SGP,4176000
1/1/2003,SGP,4114800
1/1/2004,SGP,4166700
1/1/2005,SGP,4265800
1/1/2006,SGP,4401400
1/1/2007,SGP,4588600
1/1/2008,SGP,4839400
1/1/2009,SGP,4987600
1/1/2010,SGP,5076700
1/1/2011,SGP,5183700
1/1/2012,SGP,5312400
1/1/2000,SLB,412336
1/1/2001,SLB,423529
1/1/2002,SLB,434880
1/1/2003,SLB,446335
1/1/2004,SLB,457827
1/1/2005,SLB,469306
1/1/2006,SLB,480745
1/1/2007,SLB,492148
1/1/2008,SLB,503541
1/1/2009,SLB,514964
1/1/2010,SLB,526447
1/1/2011,SLB,537997
1/1/2012,SLB,549598
1/1/2000,SLE,4139757
1/1/2001,SLE,4295667
1/1/2002,SLE,4493047
1/1/2003,SLE,4712763
1/1/2004,SLE,4928175
1/1/2005,SLE,5119895
1/1/2006,SLE,5280909
1/1/2007,SLE,5416015
1/1/2008,SLE,5532139
1/1/2009,SLE,5641182
1/1/2010,SLE,5751976
1/1/2011,SLE,5865491
1/1/2012,SLE,5978727
1/1/2000,SLV,5958794
1/1/2001,SLV,5985299
1/1/2002,SLV,6008308
1/1/2003,SLV,6029366
1/1/2004,SLV,6050297
1/1/2005,SLV,6072538
1/1/2006,SLV,6096692
1/1/2007,SLV,6122952
1/1/2008,SLV,6151776
1/1/2009,SLV,6183484
1/1/2010,SLV,6218195
1/1/2011,SLV,6256242
1/1/2012,SLV,6297394
1/1/2000,SMR,26969
1/1/2001,SMR,27467
1/1/2002,SMR,28064
1/1/2003,SMR,28700
1/1/2004,SMR,29290
1/1/2005,SMR,29775
1/1/2006,SMR,30130
1/1/2007,SMR,30377
1/1/2008,SMR,30549
1/1/2009,SMR,30698
1/1/2010,SMR,30861
1/1/2011,SMR,31048
1/1/2012,SMR,31247
1/1/2000,SOM,7385416
1/1/2001,SOM,7609265
1/1/2002,SOM,7825924
1/1/2003,SOM,8037706
1/1/2004,SOM,8249965
1/1/2005,SOM,8466938
1/1/2006,SOM,8687671
1/1/2007,SOM,8910851
1/1/2008,SOM,9140259
1/1/2009,SOM,9380854
1/1/2010,SOM,9636173
1/1/2011,SOM,9907903
1/1/2012,SOM,10195134
1/1/2000,SRB,7516346
1/1/2001,SRB,7503433
1/1/2002,SRB,7500031
1/1/2003,SRB,7480591
1/1/2004,SRB,7463157
1/1/2005,SRB,7440769
1/1/2006,SRB,7411569
1/1/2007,SRB,7381579
1/1/2008,SRB,7350221
1/1/2009,SRB,7320807
1/1/2010,SRB,7291436
1/1/2011,SRB,7258745
1/1/2012,SRB,7223887
1/1/2000,SSD,6652984
1/1/2001,SSD,6924455
1/1/2002,SSD,7186820
1/1/2003,SSD,7449905
1/1/2004,SSD,7730180
1/1/2005,SSD,8039351
1/1/2006,SSD,8376893
1/1/2007,SSD,8736736
1/1/2008,SSD,9118386
1/1/2009,SSD,9520571
1/1/2010,SSD,9940929
1/1/2011,SSD,10381110
1/1/2012,SSD,10837527
1/1/2000,STP,139428
1/1/2001,STP,141783
1/1/2002,STP,144447
1/1/2003,STP,147455
1/1/2004,STP,150842
1/1/2005,STP,154615
1/1/2006,STP,158806
1/1/2007,STP,163390
1/1/2008,STP,168253
1/1/2009,STP,173240
1/1/2010,STP,178228
1/1/2011,STP,183177
1/1/2012,STP,188098
1/1/2000,SUR,466668
1/1/2001,SUR,473312
1/1/2002,SUR,480099
1/1/2003,SUR,486867
1/1/2004,SUR,493394
1/1/2005,SUR,499523
1/1/2006,SUR,505186
1/1/2007,SUR,510433
1/1/2008,SUR,515372
1/1/2009,SUR,520173
1/1/2010,SUR,524960
1/1/2011,SUR,529761
1/1/2012,SUR,534541
1/1/2000,SVK,5388720
1/1/2001,SVK,5378867
1/1/2002,SVK,5379056
1/1/2003,SVK,5379607
1/1/2004,SVK,5382438
1/1/2005,SVK,5387001
1/1/2006,SVK,5391409
1/1/2007,SVK,5397318
1/1/2008,SVK,5406626
1/1/2009,SVK,5418590
1/1/2010,SVK,5430099
1/1/2011,SVK,5398384
1/1/2012,SVK,5410267
1/1/2000,SVN,1988925
1/1/2001,SVN,1992060
1/1/2002,SVN,1994530
1/1/2003,SVN,1995733
1/1/2004,SVN,1997012
1/1/2005,SVN,2000474
1/1/2006,SVN,2006868
1/1/2007,SVN,2018122
1/1/2008,SVN,2021316
1/1/2009,SVN,2039669
1/1/2010,SVN,2048583
1/1/2011,SVN,2052843
1/1/2012,SVN,2058152
1/1/2000,SWE,8872109
1/1/2001,SWE,8895960
1/1/2002,SWE,8924958
1/1/2003,SWE,8958229
1/1/2004,SWE,8993531
1/1/2005,SWE,9029572
1/1/2006,SWE,9080505
1/1/2007,SWE,9148092
1/1/2008,SWE,9219637
1/1/2009,SWE,9298515
1/1/2010,SWE,9378126
1/1/2011,SWE,9449213
1/1/2012,SWE,9516617
1/1/2000,SWZ,1063715
1/1/2001,SWZ,1074761
1/1/2002,SWZ,1082183
1/1/2003,SWZ,1087929
1/1/2004,SWZ,1094758
1/1/2005,SWZ,1104642
1/1/2006,SWZ,1118253
1/1/2007,SWZ,1134977
1/1/2008,SWZ,1153929
1/1/2009,SWZ,1173678
1/1/2010,SWZ,1193148
1/1/2011,SWZ,1212159
1/1/2012,SWZ,1230985
1/1/2000,SYC,81131
1/1/2001,SYC,81202
1/1/2002,SYC,83700
1/1/2003,SYC,82800
1/1/2004,SYC,82500
1/1/2005,SYC,82900
1/1/2006,SYC,84600
1/1/2007,SYC,85033
1/1/2008,SYC,86956
1/1/2009,SYC,87298
1/1/2010,SYC,89770
1/1/2011,SYC,87441
1/1/2012,SYC,87784.90752
1/1/2000,SYR,16371208
1/1/2001,SYR,16700984
1/1/2002,SYR,16994676
1/1/2003,SYR,17298476
1/1/2004,SYR,17676012
1/1/2005,SYR,18167367
1/1/2006,SYR,18804914
1/1/2007,SYR,19561477
1/1/2008,SYR,20346056
1/1/2009,SYR,21031546
1/1/2010,SYR,21532647
1/1/2011,SYR,21961676
1/1/2012,SYR,22399254
1/1/2000,TCA,18876
1/1/2001,TCA,20186
1/1/2002,TCA,21740
1/1/2003,TCA,23412
1/1/2004,TCA,25025
1/1/2005,TCA,26450
1/1/2006,TCA,27642
1/1/2007,TCA,28638
1/1/2008,TCA,29481
1/1/2009,TCA,30247
1/1/2010,TCA,30993
1/1/2011,TCA,31726
1/1/2012,TCA,32427
1/1/2000,TCD,8301151
1/1/2001,TCD,8620917
1/1/2002,TCD,8959964
1/1/2003,TCD,9311234
1/1/2004,TCD,9665024
1/1/2005,TCD,10014413
1/1/2006,TCD,10356822
1/1/2007,TCD,10694366
1/1/2008,TCD,11030628
1/1/2009,TCD,11371325
1/1/2010,TCD,11720781
1/1/2011,TCD,12080037
1/1/2012,TCD,12448175
1/1/2000,TGO,4864753
1/1/2001,TGO,4992225
1/1/2002,TGO,5123674
1/1/2003,TGO,5258956
1/1/2004,TGO,5397851
1/1/2005,TGO,5540214
1/1/2006,TGO,5685845
1/1/2007,TGO,5834806
1/1/2008,TGO,5987491
1/1/2009,TGO,6144457
1/1/2010,TGO,6306014
1/1/2011,TGO,6472304
1/1/2012,TGO,6642928
1/1/2000,THA,62343379
1/1/2001,THA,63069070
1/1/2002,THA,63797841
1/1/2003,THA,64488338
1/1/2004,THA,65087400
1/1/2005,THA,65559487
1/1/2006,THA,65883961
1/1/2007,THA,66076927
1/1/2008,THA,66185340
1/1/2009,THA,66277335
1/1/2010,THA,66402316
1/1/2011,THA,66576332
1/1/2012,THA,66785001
1/1/2000,TJK,6186152
1/1/2001,TJK,6289340
1/1/2002,TJK,6404118
1/1/2003,TJK,6529609
1/1/2004,TJK,6663929
1/1/2005,TJK,6805655
1/1/2006,TJK,6954522
1/1/2007,TJK,7111025
1/1/2008,TJK,7275252
1/1/2009,TJK,7447396
1/1/2010,TJK,7627326
1/1/2011,TJK,7814850
1/1/2012,TJK,8008990
1/1/2000,TKM,4501419
1/1/2001,TKM,4551762
1/1/2002,TKM,4600171
1/1/2003,TKM,4648037
1/1/2004,TKM,4696876
1/1/2005,TKM,4747839
1/1/2006,TKM,4801595
1/1/2007,TKM,4858236
1/1/2008,TKM,4917543
1/1/2009,TKM,4978962
1/1/2010,TKM,5041995
1/1/2011,TKM,5106668
1/1/2012,TKM,5172931
1/1/2000,TLS,853585
1/1/2001,TLS,871353
1/1/2002,TLS,899367
1/1/2003,TLS,933369
1/1/2004,TLS,966987
1/1/2005,TLS,983125
1/1/2006,TLS,1014439
1/1/2007,TLS,1046030
1/1/2008,TLS,1077911
1/1/2009,TLS,1110071
1/1/2010,TLS,1142502
1/1/2011,TLS,1175880
1/1/2012,TLS,1210233
1/1/2000,TON,97962
1/1/2001,TON,98504
1/1/2002,TON,99083
1/1/2003,TON,99691
1/1/2004,TON,100319
1/1/2005,TON,100960
1/1/2006,TON,101617
1/1/2007,TON,102289
1/1/2008,TON,102947
1/1/2009,TON,103557
1/1/2010,TON,104098
1/1/2011,TON,104554
1/1/2012,TON,104941
1/1/2000,TTO,1267980
1/1/2001,TTO,1272347
1/1/2002,TTO,1277723
1/1/2003,TTO,1283868
1/1/2004,TTO,1290379
1/1/2005,TTO,1296933
1/1/2006,TTO,1303478
1/1/2007,TTO,1310040
1/1/2008,TTO,1316449
1/1/2009,TTO,1322518
1/1/2010,TTO,1328095
1/1/2011,TTO,1333082
1/1/2012,TTO,1337439
1/1/2000,TUN,9563500
1/1/2001,TUN,9673600
1/1/2002,TUN,9781900
1/1/2003,TUN,9839800
1/1/2004,TUN,9932400
1/1/2005,TUN,10029000
1/1/2006,TUN,10127900
1/1/2007,TUN,10225100
1/1/2008,TUN,10328900
1/1/2009,TUN,10439600
1/1/2010,TUN,10549100
1/1/2011,TUN,10673800
1/1/2012,TUN,10777500
1/1/2000,TUR,63174483
1/1/2001,TUR,64100297
1/1/2002,TUR,65022300
1/1/2003,TUR,65938265
1/1/2004,TUR,66845635
1/1/2005,TUR,67743052
1/1/2006,TUR,68626337
1/1/2007,TUR,69496513
1/1/2008,TUR,70363511
1/1/2009,TUR,71241080
1/1/2010,TUR,72137546
1/1/2011,TUR,73058638
1/1/2012,TUR,73997128
1/1/2000,TUV,9419
1/1/2001,TUV,9471
1/1/2002,TUV,9530
1/1/2003,TUV,9590
1/1/2004,TUV,9646
1/1/2005,TUV,9694
1/1/2006,TUV,9732
1/1/2007,TUV,9764
1/1/2008,TUV,9788
1/1/2009,TUV,9808
1/1/2010,TUV,9827
1/1/2011,TUV,9844
1/1/2012,TUV,9860
1/1/2000,TZA,34020512
1/1/2001,TZA,34895398
1/1/2002,TZA,35806497
1/1/2003,TZA,36760831
1/1/2004,TZA,37765139
1/1/2005,TZA,38824384
1/1/2006,TZA,39942347
1/1/2007,TZA,41119693
1/1/2008,TZA,42353790
1/1/2009,TZA,43639752
1/1/2010,TZA,44973330
1/1/2011,TZA,46354607
1/1/2012,TZA,47783107
1/1/2000,UGA,24275641
1/1/2001,UGA,25088033
1/1/2002,UGA,25943441
1/1/2003,UGA,26838428
1/1/2004,UGA,27766986
1/1/2005,UGA,28724869
1/1/2006,UGA,29711397
1/1/2007,UGA,30728747
1/1/2008,UGA,31778799
1/1/2009,UGA,32864328
1/1/2010,UGA,33987213
1/1/2011,UGA,35148064
1/1/2012,UGA,36345860
1/1/2000,UKR,49175847.64
1/1/2001,UKR,48683864.58
1/1/2002,UKR,48202500
1/1/2003,UKR,47812950
1/1/2004,UKR,47451600
1/1/2005,UKR,47105150
1/1/2006,UKR,46787750
1/1/2007,UKR,46509350
1/1/2008,UKR,46258200
1/1/2009,UKR,46053300
1/1/2010,UKR,45870700
1/1/2011,UKR,45706100
1/1/2012,UKR,45593300
1/1/2000,URY,3320841
1/1/2001,URY,3326762
1/1/2002,URY,3327500
1/1/2003,URY,3325411
1/1/2004,URY,3323822
1/1/2005,URY,3325155
1/1/2006,URY,3330217
1/1/2007,URY,3338384
1/1/2008,URY,3348898
1/1/2009,URY,3360431
1/1/2010,URY,3371982
1/1/2011,URY,3383486
1/1/2012,URY,3395253
1/1/2000,USA,282162411
1/1/2001,USA,284968955
1/1/2002,USA,287625193
1/1/2003,USA,290107933
1/1/2004,USA,292805298
1/1/2005,USA,295516599
1/1/2006,USA,298379912
1/1/2007,USA,301231207
1/1/2008,USA,304093966
1/1/2009,USA,306771529
1/1/2010,USA,309326225
1/1/2011,USA,311587816
1/1/2012,USA,313914040
1/1/2000,UZB,24650400
1/1/2001,UZB,24964450
1/1/2002,UZB,25271850
1/1/2003,UZB,25567650
1/1/2004,UZB,25864350
1/1/2005,UZB,26167000
1/1/2006,UZB,26488250
1/1/2007,UZB,26868000
1/1/2008,UZB,27302800
1/1/2009,UZB,27767400
1/1/2010,UZB,28562400
1/1/2011,UZB,29341250
1/1/2012,UZB,29776850
1/1/2000,VCT,107897
1/1/2001,VCT,107989
1/1/2002,VCT,108150
1/1/2003,VCT,108353
1/1/2004,VCT,108562
1/1/2005,VCT,108749
1/1/2006,VCT,108908
1/1/2007,VCT,109045
1/1/2008,VCT,109158
1/1/2009,VCT,109249
1/1/2010,VCT,109316
1/1/2011,VCT,109357
1/1/2012,VCT,109373
1/1/2000,VEN,24407553
1/1/2001,VEN,24870441
1/1/2002,VEN,25333622
1/1/2003,VEN,25797219
1/1/2004,VEN,26261326
1/1/2005,VEN,26725897
1/1/2006,VEN,27190882
1/1/2007,VEN,27655937
1/1/2008,VEN,28120312
1/1/2009,VEN,28583040
1/1/2010,VEN,29043283
1/1/2011,VEN,29500625
1/1/2012,VEN,29954782
1/1/2000,VIR,108639
1/1/2001,VIR,108386
1/1/2002,VIR,108208
1/1/2003,VIR,108085
1/1/2004,VIR,107950
1/1/2005,VIR,107863
1/1/2006,VIR,107700
1/1/2007,VIR,107423
1/1/2008,VIR,107091
1/1/2009,VIR,106707
1/1/2010,VIR,106267
1/1/2011,VIR,105784
1/1/2012,VIR,105275
1/1/2000,VNM,77630900
1/1/2001,VNM,78621000
1/1/2002,VNM,79538700
1/1/2003,VNM,80468400
1/1/2004,VNM,81437700
1/1/2005,VNM,82393500
1/1/2006,VNM,83313000
1/1/2007,VNM,84221100
1/1/2008,VNM,85122300
1/1/2009,VNM,86025000
1/1/2010,VNM,86932500
1/1/2011,VNM,87840000
1/1/2012,VNM,88775500
1/1/2000,VUT,185058
1/1/2001,VUT,189285
1/1/2002,VUT,193950
1/1/2003,VUT,198952
1/1/2004,VUT,204135
1/1/2005,VUT,209375
1/1/2006,VUT,214654
1/1/2007,VUT,220001
1/1/2008,VUT,225398
1/1/2009,VUT,230833
1/1/2010,VUT,236299
1/1/2011,VUT,241778
1/1/2012,VUT,247262
1/1/2000,PSE,2922153
1/1/2001,PSE,2997784
1/1/2002,PSE,3075373
1/1/2003,PSE,3154969
1/1/2004,PSE,3236626
1/1/2005,PSE,3320396
1/1/2006,PSE,3406334
1/1/2007,PSE,3494496
1/1/2008,PSE,3596688
1/1/2009,PSE,3702218
1/1/2010,PSE,3811102
1/1/2011,PSE,3927051
1/1/2012,PSE,4046901
1/1/2000,WSM,174614
1/1/2001,WSM,175567
1/1/2002,WSM,176592
1/1/2003,WSM,177677
1/1/2004,WSM,178794
1/1/2005,WSM,179928
1/1/2006,WSM,181073
1/1/2007,WSM,182240
1/1/2008,WSM,183444
1/1/2009,WSM,184704
1/1/2010,WSM,186029
1/1/2011,WSM,187429
1/1/2012,WSM,188889
1/1/2000,YEM,17522537
1/1/2001,YEM,18029989
1/1/2002,YEM,18551068
1/1/2003,YEM,19081306
1/1/2004,YEM,19612696
1/1/2005,YEM,20139661
1/1/2006,YEM,20661714
1/1/2007,YEM,21182162
1/1/2008,YEM,21703571
1/1/2009,YEM,22229625
1/1/2010,YEM,22763008
1/1/2011,YEM,23304206
1/1/2012,YEM,23852409
1/1/2000,ZAF,44000000
1/1/2001,ZAF,44909738
1/1/2002,ZAF,45533292
1/1/2003,ZAF,46116494
1/1/2004,ZAF,46664771
1/1/2005,ZAF,47198469
1/1/2006,ZAF,47730946
1/1/2007,ZAF,48257282
1/1/2008,ZAF,48793022
1/1/2009,ZAF,49320150
1/1/2010,ZAF,49991300
1/1/2011,ZAF,50586757
1/1/2012,ZAF,51189306.61
1/1/2000,COD,46949244
1/1/2001,COD,48167045
1/1/2002,COD,49516960
1/1/2003,COD,50972323
1/1/2004,COD,52487293
1/1/2005,COD,54028003
1/1/2006,COD,55590838
1/1/2007,COD,57187942
1/1/2008,COD,58819038
1/1/2009,COD,60486276
1/1/2010,COD,62191161
1/1/2011,COD,63931512
1/1/2012,COD,65705093
1/1/2000,ZMB,10100981
1/1/2001,ZMB,10362137
1/1/2002,ZMB,10625423
1/1/2003,ZMB,10894519
1/1/2004,ZMB,11174650
1/1/2005,ZMB,11470022
1/1/2006,ZMB,11781612
1/1/2007,ZMB,12109620
1/1/2008,ZMB,12456527
1/1/2009,ZMB,12825031
1/1/2010,ZMB,13216985
1/1/2011,ZMB,13633796
1/1/2012,ZMB,14075099
1/1/2000,ZWE,12503652
1/1/2001,ZWE,12586763
1/1/2002,ZWE,12640922
1/1/2003,ZWE,12673103
1/1/2004,ZWE,12693047
1/1/2005,ZWE,12710589
1/1/2006,ZWE,12724308
1/1/2007,ZWE,12740160
1/1/2008,ZWE,12784041
1/1/2009,ZWE,12888918
1/1/2010,ZWE,13076978
1/1/2011,ZWE,13358738
1/1/2012,ZWE,13724317